"debian","4","debian",,"http://screenshots.debian.net",,,,
"pointlinux","33","debian",,"http://pointlinux.org/screenshots.html",,,,


DDE 
"deepin","9","ubuntu","/linuxHQ/screenshots/ubuntu/deepin.jpg",,"dde",,,


Pantheon
"elementaryOS","10","ubuntu","/linuxHQ/screenshots/ubuntu/elementary.jpg",NULL,"pantheon",,"elementary","elementary"


LXDE 
"lubuntu ","19","ubuntu","/linuxHQ/screenshots/ubuntu/lubuntu1.png",,"lxde",,,
"lxle","20","ubuntu","/linuxHQ/screenshots/ubuntu/lxle.jpg",,"LXDE",,,


openbox
"cbangplusplus","31",,"/linuxHQ/screenshots/debian/crunchbang.jpg",,"openbox",,,


Unity
NULL,"44","ubuntu","/linuxHQ/screenshots/ubuntu/ubuntu.jpg",,"unity",,,


Plasma 5
"kaos","50","independant","/linuxHQ/screenshots/kaosKDE1.jpg",,"plasma5",NULL,NULL,NULL
"opensuse","30","rpm","/linuxHQ/screenshots/rpm/susePlasma5.png",,"plasma5",,,
"antergos","1","arch","/linuxHQ/screenshots/archbased/antergosKDE1.jpg",,"plasma5","breeze",,
"manjaro","23","arch","/linuxHQ/screenshots/archbased/manjarokde.png",,"plasma5",,,



Mate
"umate","52","ubuntu","/linuxHQ/screenshots/ubuntu/umate1.png",NULL,"mate",NULL,NULL,NULL
"mint","26","ubuntu","/linuxHQ/screenshots/ubuntu/mintMate2.jpg",,"mate",,,



Gnome 
"opensuse","29","rpm","/linuxHQ/screenshots/DE/suseGnome1.jpg",,"gnomeshell",,,
"fedora","11","fedora","/linuxHQ/screenshots/DE/fedoraGnome1.jpg",,"gnomeshell",,,



Budgie
"solus","39","independent","/linuxHQ/screenshots/solus/budgie1.jpg",,"budgie",,,
"solus","40","independent","/linuxHQ/screenshots/solus/budgie2.jpg",,"budgie",,,
"solus","41","independent","/linuxHQ/screenshots/solus/budgie3.jpg",,"budgie",,,

xfce 
"mxlinux","53","debian",NULL,"https://mxlinux.org/screenshots","xfce",NULL,NULL,NULL
NULL,"47","ubuntu","/linuxHQ/screenshots/ubuntu/xubuntu1.png",,"xfce",,,
"linuxlite","17","ubuntu","/linuxHQ/screenshots/ubuntu/linuxlite.png","http://www.linuxliteos.com/screenshots/","xfce",,"arc",
"manjaro","24","arch","/linuxHQ/screenshots/archbased/manjaro-090p1-xfce.jpg",,"xfce",,,


